[
    {
        "state": "Wyoming",
        "code": "WY",
        "counties": [
            "Albany County",
            "Big Horn County",
            "Campbell County",
            "Carbon County",
            "Converse County",
            "Crook County",
            "Fremont County",
            "Goshen County",
            "Hot Springs County",
            "Johnson County",
            "Laramie County",
            "Lincoln County",
            "Natrona County",
            "Niobrara County",
            "Park County",
            "Platte County",
            "Sublette County",
            "Sheridan County",
            "Sweetwater County",
            "Weston County",
            "Washakie County",
            "Teton County",
            "Uinta County"
        ]
    },
    {
        "state": "Wisconsin",
        "code": "WI",
        "counties": [
            "Adams County",
            "Ashland County",
            "Barron County",
            "Bayfield County",
            "Brown County",
            "Burnett County",
            "Calumet County",
            "Chippewa County",
            "Clark County",
            "Columbia County",
            "Crawford County",
            "Door County",
            "Douglas County",
            "Dunn County",
            "Eau Claire County",
            "Florence County",
            "Fond du Lac County",
            "Dane County",
            "Grant County",
            "Dodge County",
            "Green County",
            "Iowa County",
            "Green Lake County",
            "Iron County",
            "Jackson County",
            "Jefferson County",
            "Juneau County",
            "Buffalo County",
            "Forest County",
            "Kenosha County",
            "Kewaunee County",
            "La Crosse County",
            "Lafayette County",
            "Langlade County",
            "Lincoln County",
            "Marquette County",
            "Menominee County",
            "Manitowoc County",
            "Milwaukee County",
            "Monroe County",
            "Oconto County",
            "Marathon County",
            "Marinette County",
            "Oneida County",
            "Outagamie County",
            "Ozaukee County",
            "Pepin County",
            "Pierce County",
            "Polk County",
            "Portage County",
            "Price County",
            "Racine County",
            "Richland County",
            "St. Croix County",
            "Rock County",
            "Rusk County",
            "Sauk County",
            "Sawyer County",
            "Shawano County",
            "Sheboygan County",
            "Taylor County",
            "Trempealeau County",
            "Vernon County",
            "Vilas County",
            "Waukesha County",
            "Waupaca County",
            "Waushara County",
            "Winnebago County",
            "Wood County",
            "Washburn County",
            "Washington County",
            "Walworth County"
        ]
    },
    {
        "state": "West Virginia",
        "code": "WV",
        "counties": [
            "Barbour County",
            "Berkeley County",
            "Boone County",
            "Braxton County",
            "Brooke County",
            "Cabell County",
            "Calhoun County",
            "Clay County",
            "Doddridge County",
            "Fayette County",
            "Gilmer County",
            "Grant County",
            "Greenbrier County",
            "Hampshire County",
            "Hancock County",
            "Hardy County",
            "Harrison County",
            "Jackson County",
            "Jefferson County",
            "Kanawha County",
            "Lewis County",
            "Lincoln County",
            "McDowell County",
            "Mason County",
            "Mercer County",
            "Logan County",
            "Marion County",
            "Marshall County",
            "Mineral County",
            "Mingo County",
            "Monongalia County",
            "Monroe County",
            "Morgan County",
            "Pleasants County",
            "Pocahontas County",
            "Preston County",
            "Putnam County",
            "Raleigh County",
            "Randolph County",
            "Ritchie County",
            "Roane County",
            "Summers County",
            "Taylor County",
            "Tucker County",
            "Tyler County",
            "Ohio County",
            "Upshur County",
            "Wayne County",
            "Webster County",
            "Wetzel County",
            "Wirt County",
            "Wood County",
            "Pendleton County",
            "Nicholas County",
            "Wyoming County"
        ]
    },
    {
        "state": "Washington",
        "code": "WA",
        "counties": [
            "Adams County",
            "Asotin County",
            "Benton County",
            "Chelan County",
            "Clallam County",
            "Clark County",
            "Columbia County",
            "Ferry County",
            "Garfield County",
            "Douglas County",
            "Grant County",
            "Grays Harbor County",
            "Cowlitz County",
            "Franklin County",
            "Island County",
            "Jefferson County",
            "King County",
            "Kitsap County",
            "Lincoln County",
            "Mason County",
            "Okanogan County",
            "Pacific County",
            "Pend Oreille County",
            "Pierce County",
            "San Juan County",
            "Skagit County",
            "Skamania County",
            "Lewis County",
            "Klickitat County",
            "Snohomish County",
            "Spokane County",
            "Stevens County",
            "Kittitas County",
            "Whatcom County",
            "Whitman County",
            "Yakima County",
            "Thurston County",
            "Walla Walla County",
            "Wahkiakum County"
        ]
    },
    {
        "state": "Vermont",
        "code": "VT",
        "counties": [
            "Addison County",
            "Bennington County",
            "Caledonia County",
            "Chittenden County",
            "Essex County",
            "Franklin County",
            "Orleans County",
            "Rutland County",
            "Washington County",
            "Orange County",
            "Windham County",
            "Windsor County",
            "Grand Isle County",
            "Lamoille County"
        ]
    },
    {
        "state": "Indiana",
        "code": "IN",
        "counties": [
            "Allen County",
            "Bartholomew County",
            "Benton County",
            "Blackford County",
            "Boone County",
            "Brown County",
            "Carroll County",
            "Cass County",
            "Clark County",
            "Clay County",
            "Clinton County",
            "Crawford County",
            "Adams County",
            "Dearborn County",
            "Daviess County",
            "Decatur County",
            "DeKalb County",
            "Delaware County",
            "Dubois County",
            "Fountain County",
            "Franklin County",
            "Fulton County",
            "Gibson County",
            "Grant County",
            "Greene County",
            "Hamilton County",
            "Floyd County",
            "Harrison County",
            "Hancock County",
            "Hendricks County",
            "Henry County",
            "Howard County",
            "Fayette County",
            "Elkhart County",
            "Jay County",
            "Jefferson County",
            "Jennings County",
            "Johnson County",
            "Knox County",
            "Kosciusko County",
            "LaGrange County",
            "Lake County",
            "LaPorte County",
            "Lawrence County",
            "Madison County",
            "Marion County",
            "Jackson County",
            "Martin County",
            "Huntington County",
            "Miami County",
            "Monroe County",
            "Jasper County",
            "Morgan County",
            "Newton County",
            "Noble County",
            "Ohio County",
            "Orange County",
            "Owen County",
            "Perry County",
            "Pike County",
            "Porter County",
            "Posey County",
            "Montgomery County",
            "Parke County",
            "Randolph County",
            "Putnam County",
            "Ripley County",
            "Marshall County",
            "Pulaski County",
            "Rush County",
            "Scott County",
            "St. Joseph County",
            "Shelby County",
            "Spencer County",
            "Starke County",
            "Steuben County",
            "Tipton County",
            "Union County",
            "Vanderburgh County",
            "Vermillion County",
            "Vigo County",
            "Wabash County",
            "Sullivan County",
            "Switzerland County",
            "Tippecanoe County",
            "Warrick County",
            "Wayne County",
            "Wells County",
            "White County",
            "Whitley County",
            "Washington County",
            "Warren County"
        ]
    },
    {
        "state": "Michigan",
        "code": "MI",
        "counties": [
            "Alger County",
            "Antrim County",
            "Arenac County",
            "Baraga County",
            "Alcona County",
            "Bay County",
            "Benzie County",
            "Alpena County",
            "Branch County",
            "Allegan County",
            "Barry County",
            "Berrien County",
            "Cass County",
            "Calhoun County",
            "Cheboygan County",
            "Clinton County",
            "Charlevoix County",
            "Delta County",
            "Clare County",
            "Eaton County",
            "Emmet County",
            "Genesee County",
            "Gladwin County",
            "Gogebic County",
            "Grand Traverse County",
            "Gratiot County",
            "Hillsdale County",
            "Houghton County",
            "Huron County",
            "Ingham County",
            "Ionia County",
            "Iosco County",
            "Iron County",
            "Chippewa County",
            "Jackson County",
            "Kalamazoo County",
            "Kalkaska County",
            "Dickinson County",
            "Keweenaw County",
            "Lake County",
            "Lapeer County",
            "Crawford County",
            "Lenawee County",
            "Livingston County",
            "Kent County",
            "Mackinac County",
            "Macomb County",
            "Isabella County",
            "Marquette County",
            "Mason County",
            "Mecosta County",
            "Menominee County",
            "Midland County",
            "Missaukee County",
            "Luce County",
            "Montcalm County",
            "Montmorency County",
            "Muskegon County",
            "Newaygo County",
            "Oakland County",
            "Oceana County",
            "Leelanau County",
            "Ontonagon County",
            "Osceola County",
            "Oscoda County",
            "Otsego County",
            "Monroe County",
            "Presque Isle County",
            "Roscommon County",
            "Manistee County",
            "St. Clair County",
            "St. Joseph County",
            "Ottawa County",
            "Schoolcraft County",
            "Ogemaw County",
            "Tuscola County",
            "Sanilac County",
            "Washtenaw County",
            "Saginaw County",
            "Wexford County",
            "Van Buren County",
            "Shiawassee County",
            "Wayne County"
        ]
    },
    {
        "state": "Louisiana",
        "code": "LA",
        "counties": [
            "Allen Parish",
            "Avoyelles Parish",
            "Beauregard Parish",
            "Bienville Parish",
            "Bossier Parish",
            "Caddo Parish",
            "Acadia Parish",
            "Caldwell Parish",
            "Cameron Parish",
            "Catahoula Parish",
            "Claiborne Parish",
            "Concordia Parish",
            "De Soto Parish",
            "Assumption Parish",
            "East Carroll Parish",
            "East Feliciana Parish",
            "Evangeline Parish",
            "Franklin Parish",
            "Grant Parish",
            "Ascension Parish",
            "East Baton Rouge Parish",
            "Calcasieu Parish",
            "Iberville Parish",
            "Iberia Parish",
            "Jefferson Parish",
            "Lafourche Parish",
            "Jackson Parish",
            "Lincoln Parish",
            "Jefferson Davis Parish",
            "LaSalle Parish",
            "Lafayette Parish",
            "Natchitoches Parish",
            "Madison Parish",
            "Ouachita Parish",
            "Plaquemines Parish",
            "Pointe Coupee Parish",
            "Rapides Parish",
            "Livingston Parish",
            "Richland Parish",
            "Sabine Parish",
            "St. Bernard Parish",
            "Orleans Parish",
            "St. Helena Parish",
            "St. James Parish",
            "Morehouse Parish",
            "St. Landry Parish",
            "St. Martin Parish",
            "St. Mary Parish",
            "St. Charles Parish",
            "Tangipahoa Parish",
            "Tensas Parish",
            "Terrebonne Parish",
            "Union Parish",
            "Red River Parish",
            "Vernon Parish",
            "St. John the Baptist Parish",
            "St. Tammany Parish",
            "Vermilion Parish",
            "Webster Parish",
            "Washington Parish",
            "West Carroll Parish",
            "West Baton Rouge Parish",
            "Winn Parish",
            "West Feliciana Parish"
        ]
    },
    {
        "state": "Kansas",
        "code": "KS",
        "counties": [
            "Allen County",
            "Anderson County",
            "Atchison County",
            "Barber County",
            "Barton County",
            "Bourbon County",
            "Brown County",
            "Butler County",
            "Chase County",
            "Chautauqua County",
            "Cherokee County",
            "Cheyenne County",
            "Clark County",
            "Clay County",
            "Cloud County",
            "Coffey County",
            "Comanche County",
            "Dickinson County",
            "Doniphan County",
            "Douglas County",
            "Edwards County",
            "Elk County",
            "Ellis County",
            "Crawford County",
            "Decatur County",
            "Finney County",
            "Ford County",
            "Franklin County",
            "Gove County",
            "Geary County",
            "Graham County",
            "Grant County",
            "Gray County",
            "Greeley County",
            "Cowley County",
            "Ellsworth County",
            "Greenwood County",
            "Harper County",
            "Harvey County",
            "Haskell County",
            "Hodgeman County",
            "Jackson County",
            "Jefferson County",
            "Jewell County",
            "Johnson County",
            "Kingman County",
            "Kiowa County",
            "Labette County",
            "Lane County",
            "Leavenworth County",
            "Lincoln County",
            "Logan County",
            "Lyon County",
            "McPherson County",
            "Kearny County",
            "Marion County",
            "Linn County",
            "Marshall County",
            "Meade County",
            "Miami County",
            "Mitchell County",
            "Hamilton County",
            "Montgomery County",
            "Morris County",
            "Morton County",
            "Norton County",
            "Osage County",
            "Nemaha County",
            "Osborne County",
            "Neosho County",
            "Ness County",
            "Ottawa County",
            "Pawnee County",
            "Phillips County",
            "Pottawatomie County",
            "Reno County",
            "Republic County",
            "Riley County",
            "Rice County",
            "Rooks County",
            "Rush County",
            "Pratt County",
            "Russell County",
            "Scott County",
            "Sedgwick County",
            "Seward County",
            "Shawnee County",
            "Sheridan County",
            "Sherman County",
            "Saline County",
            "Rawlins County",
            "Stevens County",
            "Sumner County",
            "Thomas County",
            "Trego County",
            "Wabaunsee County",
            "Wallace County",
            "Stafford County",
            "Stanton County",
            "Wichita County",
            "Wilson County",
            "Woodson County",
            "Smith County",
            "Wyandotte County",
            "Washington County"
        ]
    },
    {
        "state": "Maryland",
        "code": "MD",
        "counties": [
            "Allegany County",
            "Anne Arundel County",
            "Baltimore County",
            "Calvert County",
            "Caroline County",
            "Carroll County",
            "Charles County",
            "Dorchester County",
            "Frederick County",
            "Garrett County",
            "Harford County",
            "Howard County",
            "Kent County",
            "Prince George's County",
            "Cecil County",
            "St. Mary's County",
            "Somerset County",
            "Talbot County",
            "Washington County",
            "Worcester County",
            "Baltimore, City of",
            "Queen Anne's County",
            "Montgomery County",
            "Wicomico County"
        ]
    },
    {
        "state": "Illinois",
        "code": "IL",
        "counties": [
            "Adams County",
            "Alexander County",
            "Bond County",
            "Boone County",
            "Brown County",
            "Bureau County",
            "Calhoun County",
            "Carroll County",
            "Clark County",
            "Clay County",
            "Clinton County",
            "Coles County",
            "Cook County",
            "Crawford County",
            "Cumberland County",
            "DeKalb County",
            "De Witt County",
            "Douglas County",
            "DuPage County",
            "Champaign County",
            "Edgar County",
            "Christian County",
            "Cass County",
            "Edwards County",
            "Franklin County",
            "Fulton County",
            "Gallatin County",
            "Greene County",
            "Grundy County",
            "Hamilton County",
            "Hancock County",
            "Hardin County",
            "Fayette County",
            "Henry County",
            "Henderson County",
            "Iroquois County",
            "Jackson County",
            "Jasper County",
            "Effingham County",
            "Ford County",
            "Jefferson County",
            "Jersey County",
            "Jo Daviess County",
            "Johnson County",
            "Kane County",
            "Kankakee County",
            "Kendall County",
            "Knox County",
            "Lake County",
            "LaSalle County",
            "Lawrence County",
            "McDonough County",
            "McHenry County",
            "McLean County",
            "Macon County",
            "Macoupin County",
            "Madison County",
            "Marion County",
            "Lee County",
            "Marshall County",
            "Livingston County",
            "Logan County",
            "Mason County",
            "Mercer County",
            "Monroe County",
            "Montgomery County",
            "Massac County",
            "Menard County",
            "Morgan County",
            "Perry County",
            "Piatt County",
            "Pike County",
            "Pope County",
            "Pulaski County",
            "Ogle County",
            "Moultrie County",
            "Putnam County",
            "Peoria County",
            "Randolph County",
            "Saline County",
            "Sangamon County",
            "St. Clair County",
            "Scott County",
            "Rock Island County",
            "Shelby County",
            "Richland County",
            "Schuyler County",
            "Stark County",
            "Stephenson County",
            "Tazewell County",
            "Warren County",
            "Washington County",
            "Wayne County",
            "White County",
            "Whiteside County",
            "Will County",
            "Wabash County",
            "Vermilion County",
            "Union County",
            "Williamson County",
            "Winnebago County",
            "Woodford County"
        ]
    },
    {
        "state": "Maine",
        "code": "ME",
        "counties": [
            "Aroostook County",
            "Franklin County",
            "Kennebec County",
            "Knox County",
            "Lincoln County",
            "Cumberland County",
            "Penobscot County",
            "Piscataquis County",
            "Sagadahoc County",
            "Somerset County",
            "Waldo County",
            "Washington County",
            "Androscoggin County",
            "Oxford County",
            "Hancock County",
            "York County"
        ]
    },
    {
        "state": "Idaho",
        "code": "ID",
        "counties": [
            "Bear Lake County",
            "Benewah County",
            "Bingham County",
            "Blaine County",
            "Boise County",
            "Bonner County",
            "Bonneville County",
            "Adams County",
            "Bannock County",
            "Ada County",
            "Boundary County",
            "Butte County",
            "Camas County",
            "Canyon County",
            "Cassia County",
            "Caribou County",
            "Elmore County",
            "Franklin County",
            "Fremont County",
            "Gem County",
            "Gooding County",
            "Idaho County",
            "Clearwater County",
            "Jefferson County",
            "Clark County",
            "Kootenai County",
            "Latah County",
            "Jerome County",
            "Lemhi County",
            "Lewis County",
            "Custer County",
            "Lincoln County",
            "Oneida County",
            "Owyhee County",
            "Payette County",
            "Power County",
            "Shoshone County",
            "Teton County",
            "Twin Falls County",
            "Valley County",
            "Washington County",
            "Minidoka County",
            "Madison County",
            "Nez Perce County"
        ]
    },
    {
        "state": "Georgia",
        "code": "GA",
        "counties": [
            "Baker County",
            "Baldwin County",
            "Appling County",
            "Barrow County",
            "Bartow County",
            "Ben Hill County",
            "Berrien County",
            "Bibb County",
            "Bleckley County",
            "Brantley County",
            "Brooks County",
            "Bryan County",
            "Bulloch County",
            "Burke County",
            "Butts County",
            "Calhoun County",
            "Banks County",
            "Camden County",
            "Atkinson County",
            "Candler County",
            "Carroll County",
            "Catoosa County",
            "Charlton County",
            "Chattahoochee County",
            "Chatham County",
            "Bacon County",
            "Clay County",
            "Clayton County",
            "Clinch County",
            "Cobb County",
            "Coffee County",
            "Colquitt County",
            "Chattooga County",
            "Cherokee County",
            "Clarke County",
            "Columbia County",
            "Crisp County",
            "Dade County",
            "Dawson County",
            "Decatur County",
            "DeKalb County",
            "Dodge County",
            "Dooly County",
            "Cook County",
            "Crawford County",
            "Douglas County",
            "Dougherty County",
            "Echols County",
            "Early County",
            "Effingham County",
            "Coweta County",
            "Elbert County",
            "Emanuel County",
            "Evans County",
            "Fannin County",
            "Fayette County",
            "Fulton County",
            "Gilmer County",
            "Glascock County",
            "Glynn County",
            "Gordon County",
            "Grady County",
            "Floyd County",
            "Forsyth County",
            "Franklin County",
            "Gwinnett County",
            "Greene County",
            "Hall County",
            "Haralson County",
            "Harris County",
            "Hart County",
            "Heard County",
            "Henry County",
            "Houston County",
            "Hancock County",
            "Habersham County",
            "Jackson County",
            "Jefferson County",
            "Jenkins County",
            "Johnson County",
            "Jones County",
            "Lamar County",
            "Irwin County",
            "Laurens County",
            "Lee County",
            "Liberty County",
            "Lincoln County",
            "Long County",
            "Lowndes County",
            "Lumpkin County",
            "Jeff Davis County",
            "McDuffie County",
            "McIntosh County",
            "Macon County",
            "Madison County",
            "Marion County",
            "Meriwether County",
            "Lanier County",
            "Jasper County",
            "Mitchell County",
            "Morgan County",
            "Murray County",
            "Muscogee County",
            "Newton County",
            "Oconee County",
            "Oglethorpe County",
            "Paulding County",
            "Montgomery County",
            "Peach County",
            "Pickens County",
            "Pierce County",
            "Pike County",
            "Polk County",
            "Monroe County",
            "Miller County",
            "Putnam County",
            "Pulaski County",
            "Quitman County",
            "Rockdale County",
            "Schley County",
            "Screven County",
            "Randolph County",
            "Spalding County",
            "Stephens County",
            "Rabun County",
            "Richmond County",
            "Seminole County",
            "Talbot County",
            "Tattnall County",
            "Taylor County",
            "Sumter County",
            "Terrell County",
            "Telfair County",
            "Thomas County",
            "Tift County",
            "Stewart County",
            "Taliaferro County",
            "Toombs County",
            "Towns County",
            "Treutlen County",
            "Troup County",
            "Turner County",
            "Walker County",
            "Walton County",
            "Ware County",
            "Warren County",
            "Washington County",
            "Wayne County",
            "Union County",
            "Upson County",
            "Wheeler County",
            "White County",
            "Wilcox County",
            "Twiggs County",
            "Whitfield County",
            "Worth County",
            "Wilkes County",
            "Wilkinson County",
            "Webster County"
        ]
    },
    {
        "state": "Arkansas",
        "code": "AR",
        "counties": [
            "Arkansas County",
            "Ashley County",
            "Benton County",
            "Baxter County",
            "Boone County",
            "Bradley County",
            "Calhoun County",
            "Carroll County",
            "Chicot County",
            "Clark County",
            "Clay County",
            "Cleburne County",
            "Cleveland County",
            "Crawford County",
            "Crittenden County",
            "Conway County",
            "Columbia County",
            "Cross County",
            "Dallas County",
            "Desha County",
            "Drew County",
            "Craighead County",
            "Franklin County",
            "Garland County",
            "Grant County",
            "Greene County",
            "Fulton County",
            "Hempstead County",
            "Hot Spring County",
            "Howard County",
            "Faulkner County",
            "Independence County",
            "Izard County",
            "Johnson County",
            "Lafayette County",
            "Jackson County",
            "Jefferson County",
            "Lawrence County",
            "Lee County",
            "Lincoln County",
            "Little River County",
            "Logan County",
            "Miller County",
            "Madison County",
            "Mississippi County",
            "Monroe County",
            "Lonoke County",
            "Montgomery County",
            "Nevada County",
            "Newton County",
            "Marion County",
            "Ouachita County",
            "Perry County",
            "Pike County",
            "Polk County",
            "Prairie County",
            "Pulaski County",
            "Pope County",
            "St. Francis County",
            "Randolph County",
            "Phillips County",
            "Poinsett County",
            "Scott County",
            "Saline County",
            "Sevier County",
            "Sharp County",
            "Stone County",
            "Searcy County",
            "Washington County",
            "White County",
            "Woodruff County",
            "Yell County",
            "Union County",
            "Van Buren County",
            "Sebastian County"
        ]
    },
    {
        "state": "Tennessee",
        "code": "TN",
        "counties": [
            "Anderson County",
            "Bledsoe County",
            "Blount County",
            "Bedford County",
            "Benton County",
            "Bradley County",
            "Campbell County",
            "Cannon County",
            "Carroll County",
            "Carter County",
            "Cheatham County",
            "Chester County",
            "Claiborne County",
            "Clay County",
            "Coffee County",
            "Cocke County",
            "Crockett County",
            "Cumberland County",
            "Davidson County",
            "Dyer County",
            "Fayette County",
            "Fentress County",
            "Franklin County",
            "Gibson County",
            "Giles County",
            "Grainger County",
            "Greene County",
            "Grundy County",
            "DeKalb County",
            "Decatur County",
            "Hamilton County",
            "Hancock County",
            "Hardeman County",
            "Hawkins County",
            "Hardin County",
            "Haywood County",
            "Henderson County",
            "Dickson County",
            "Hamblen County",
            "Henry County",
            "Hickman County",
            "Houston County",
            "Jackson County",
            "Humphreys County",
            "Lake County",
            "Lauderdale County",
            "Lawrence County",
            "Lewis County",
            "Lincoln County",
            "Loudon County",
            "McMinn County",
            "McNairy County",
            "Macon County",
            "Madison County",
            "Marion County",
            "Marshall County",
            "Jefferson County",
            "Johnson County",
            "Monroe County",
            "Meigs County",
            "Montgomery County",
            "Moore County",
            "Knox County",
            "Maury County",
            "Obion County",
            "Overton County",
            "Perry County",
            "Polk County",
            "Putnam County",
            "Rhea County",
            "Roane County",
            "Robertson County",
            "Rutherford County",
            "Morgan County",
            "Sevier County",
            "Shelby County",
            "Pickett County",
            "Stewart County",
            "Sullivan County",
            "Sequatchie County",
            "Smith County",
            "Trousdale County",
            "Tipton County",
            "Union County",
            "Unicoi County",
            "Van Buren County",
            "Scott County",
            "Sumner County",
            "Warren County",
            "Washington County",
            "Williamson County",
            "Wilson County",
            "Weakley County",
            "Wayne County",
            "White County"
        ]
    },
    {
        "state": "Iowa",
        "code": "IA",
        "counties": [
            "Adair County",
            "Adams County",
            "Allamakee County",
            "Appanoose County",
            "Audubon County",
            "Benton County",
            "Bremer County",
            "Buchanan County",
            "Black Hawk County",
            "Boone County",
            "Buena Vista County",
            "Cass County",
            "Cedar County",
            "Cerro Gordo County",
            "Cherokee County",
            "Chickasaw County",
            "Clarke County",
            "Clay County",
            "Calhoun County",
            "Clayton County",
            "Clinton County",
            "Butler County",
            "Crawford County",
            "Dallas County",
            "Davis County",
            "Carroll County",
            "Dickinson County",
            "Dubuque County",
            "Emmet County",
            "Fayette County",
            "Floyd County",
            "Delaware County",
            "Franklin County",
            "Des Moines County",
            "Decatur County",
            "Guthrie County",
            "Hamilton County",
            "Hancock County",
            "Hardin County",
            "Harrison County",
            "Henry County",
            "Howard County",
            "Humboldt County",
            "Grundy County",
            "Ida County",
            "Greene County",
            "Iowa County",
            "Jasper County",
            "Jackson County",
            "Fremont County",
            "Johnson County",
            "Kossuth County",
            "Lee County",
            "Linn County",
            "Jones County",
            "Jefferson County",
            "Louisa County",
            "Lucas County",
            "Lyon County",
            "Madison County",
            "Keokuk County",
            "Mahaska County",
            "Marion County",
            "Marshall County",
            "Mills County",
            "Montgomery County",
            "Muscatine County",
            "O'Brien County",
            "Osceola County",
            "Page County",
            "Monona County",
            "Palo Alto County",
            "Monroe County",
            "Mitchell County",
            "Plymouth County",
            "Poweshiek County",
            "Pocahontas County",
            "Polk County",
            "Ringgold County",
            "Sac County",
            "Scott County",
            "Shelby County",
            "Pottawattamie County",
            "Sioux County",
            "Story County",
            "Tama County",
            "Taylor County",
            "Union County",
            "Van Buren County",
            "Wayne County",
            "Webster County",
            "Winnebago County",
            "Winneshiek County",
            "Woodbury County",
            "Worth County",
            "Warren County",
            "Washington County",
            "Wapello County",
            "Wright County"
        ]
    },
    {
        "state": "Arizona",
        "code": "AZ",
        "counties": [
            "Apache County",
            "Cochise County",
            "Coconino County",
            "Gila County",
            "Graham County",
            "La Paz County",
            "Navajo County",
            "Pima County",
            "Greenlee County",
            "Maricopa County",
            "Yavapai County",
            "Yuma County",
            "Mohave County",
            "Pinal County",
            "Santa Cruz County"
        ]
    },
    {
        "state": "Alabama",
        "code": "AL",
        "counties": [
            "Baldwin County",
            "Blount County",
            "Autauga County",
            "Bullock County",
            "Calhoun County",
            "Butler County",
            "Barbour County",
            "Chilton County",
            "Choctaw County",
            "Clarke County",
            "Clay County",
            "Cleburne County",
            "Coffee County",
            "Colbert County",
            "Conecuh County",
            "Coosa County",
            "Covington County",
            "Crenshaw County",
            "Chambers County",
            "Bibb County",
            "Cherokee County",
            "Cullman County",
            "Elmore County",
            "Escambia County",
            "Etowah County",
            "Fayette County",
            "Franklin County",
            "Geneva County",
            "Dale County",
            "Dallas County",
            "Hale County",
            "Houston County",
            "Henry County",
            "Jackson County",
            "DeKalb County",
            "Greene County",
            "Jefferson County",
            "Lee County",
            "Limestone County",
            "Lowndes County",
            "Macon County",
            "Madison County",
            "Marengo County",
            "Marion County",
            "Marshall County",
            "Mobile County",
            "Monroe County",
            "Montgomery County",
            "Lawrence County",
            "Morgan County",
            "Lauderdale County",
            "Lamar County",
            "Perry County",
            "Pickens County",
            "Pike County",
            "Randolph County",
            "Russell County",
            "St. Clair County",
            "Shelby County",
            "Sumter County",
            "Walker County",
            "Washington County",
            "Wilcox County",
            "Talladega County",
            "Winston County",
            "Tallapoosa County",
            "Tuscaloosa County"
        ]
    },
    {
        "state": "Oklahoma",
        "code": "OK",
        "counties": [
            "Adair County",
            "Atoka County",
            "Beaver County",
            "Beckham County",
            "Blaine County",
            "Bryan County",
            "Alfalfa County",
            "Caddo County",
            "Canadian County",
            "Carter County",
            "Cherokee County",
            "Choctaw County",
            "Cleveland County",
            "Coal County",
            "Comanche County",
            "Cotton County",
            "Craig County",
            "Creek County",
            "Custer County",
            "Dewey County",
            "Ellis County",
            "Garfield County",
            "Garvin County",
            "Grady County",
            "Grant County",
            "Greer County",
            "Harmon County",
            "Haskell County",
            "Hughes County",
            "Jackson County",
            "Jefferson County",
            "Johnston County",
            "Kay County",
            "Delaware County",
            "Kiowa County",
            "Latimer County",
            "Le Flore County",
            "Lincoln County",
            "Logan County",
            "Cimarron County",
            "McClain County",
            "McCurtain County",
            "McIntosh County",
            "Major County",
            "Marshall County",
            "Mayes County",
            "Murray County",
            "Kingfisher County",
            "Noble County",
            "Nowata County",
            "Okfuskee County",
            "Oklahoma County",
            "Okmulgee County",
            "Osage County",
            "Ottawa County",
            "Pawnee County",
            "Harper County",
            "Pittsburg County",
            "Pontotoc County",
            "Pottawatomie County",
            "Pushmataha County",
            "Roger Mills County",
            "Rogers County",
            "Seminole County",
            "Muskogee County",
            "Stephens County",
            "Texas County",
            "Tillman County",
            "Tulsa County",
            "Wagoner County",
            "Washington County",
            "Washita County",
            "Love County",
            "Woodward County",
            "Sequoyah County",
            "Payne County",
            "Woods County"
        ]
    },
    {
        "state": "South Dakota",
        "code": "SD",
        "counties": [
            "Aurora County",
            "Beadle County",
            "Bennett County",
            "Bon Homme County",
            "Brookings County",
            "Brown County",
            "Brule County",
            "Buffalo County",
            "Butte County",
            "Campbell County",
            "Clark County",
            "Codington County",
            "Corson County",
            "Custer County",
            "Davison County",
            "Deuel County",
            "Day County",
            "Charles Mix County",
            "Clay County",
            "Fall River County",
            "Douglas County",
            "Faulk County",
            "Grant County",
            "Gregory County",
            "Haakon County",
            "Hamlin County",
            "Edmunds County",
            "Dewey County",
            "Hand County",
            "Hanson County",
            "Hughes County",
            "Jackson County",
            "Harding County",
            "Jerauld County",
            "Jones County",
            "Lake County",
            "Kingsbury County",
            "Lawrence County",
            "Hutchinson County",
            "Hyde County",
            "Lincoln County",
            "Lyman County",
            "Meade County",
            "Mellette County",
            "Miner County",
            "Minnehaha County",
            "Moody County",
            "Pennington County",
            "McPherson County",
            "McCook County",
            "Potter County",
            "Roberts County",
            "Sanborn County",
            "Marshall County",
            "Perkins County",
            "Spink County",
            "Shannon County",
            "Stanley County",
            "Sully County",
            "Todd County",
            "Tripp County",
            "Turner County",
            "Union County",
            "Walworth County",
            "Yankton County",
            "Ziebach County"
        ]
    },
    {
        "state": "Colorado",
        "code": "CO",
        "counties": [
            "Adams County",
            "Alamosa County",
            "Archuleta County",
            "Arapahoe County",
            "Baca County",
            "Boulder County",
            "Cheyenne County",
            "Clear Creek County",
            "Conejos County",
            "Costilla County",
            "Crowley County",
            "Custer County",
            "Delta County",
            "Denver, City and County of",
            "Dolores County",
            "Douglas County",
            "Eagle County",
            "Elbert County",
            "Chaffee County",
            "Broomfield, City and County of",
            "Bent County",
            "El Paso County",
            "Grand County",
            "Garfield County",
            "Fremont County",
            "Gilpin County",
            "Gunnison County",
            "Jefferson County",
            "Kiowa County",
            "Kit Carson County",
            "Lake County",
            "La Plata County",
            "Larimer County",
            "Huerfano County",
            "Jackson County",
            "Lincoln County",
            "Mesa County",
            "Mineral County",
            "Logan County",
            "Moffat County",
            "Montezuma County",
            "Hinsdale County",
            "Las Animas County",
            "Montrose County",
            "Morgan County",
            "Otero County",
            "Ouray County",
            "Park County",
            "Pueblo County",
            "Rio Blanco County",
            "Rio Grande County",
            "Phillips County",
            "Routt County",
            "Saguache County",
            "San Juan County",
            "San Miguel County",
            "Sedgwick County",
            "Summit County",
            "Teller County",
            "Washington County",
            "Pitkin County",
            "Prowers County",
            "Weld County",
            "Yuma County"
        ]
    },
    {
        "state": "Kentucky",
        "code": "KY",
        "counties": [
            "Allen County",
            "Anderson County",
            "Ballard County",
            "Barren County",
            "Bath County",
            "Bell County",
            "Boone County",
            "Adair County",
            "Bourbon County",
            "Boyd County",
            "Boyle County",
            "Bracken County",
            "Breckinridge County",
            "Breathitt County",
            "Bullitt County",
            "Butler County",
            "Caldwell County",
            "Calloway County",
            "Carter County",
            "Casey County",
            "Christian County",
            "Clark County",
            "Clay County",
            "Clinton County",
            "Crittenden County",
            "Campbell County",
            "Carlisle County",
            "Carroll County",
            "Cumberland County",
            "Daviess County",
            "Edmonson County",
            "Elliott County",
            "Estill County",
            "Franklin County",
            "Fulton County",
            "Gallatin County",
            "Garrard County",
            "Grant County",
            "Graves County",
            "Grayson County",
            "Green County",
            "Greenup County",
            "Hancock County",
            "Hardin County",
            "Harlan County",
            "Harrison County",
            "Hart County",
            "Henderson County",
            "Henry County",
            "Hickman County",
            "Hopkins County",
            "Floyd County",
            "Fleming County",
            "Jackson County",
            "Jefferson County",
            "Jessamine County",
            "Johnson County",
            "Kenton County",
            "Knott County",
            "Knox County",
            "Larue County",
            "Laurel County",
            "Lawrence County",
            "Lee County",
            "Fayette County",
            "Letcher County",
            "Livingston County",
            "Leslie County",
            "Lewis County",
            "Logan County",
            "McCreary County",
            "McLean County",
            "Madison County",
            "Magoffin County",
            "Marion County",
            "Marshall County",
            "Martin County",
            "Mason County",
            "Meade County",
            "Menifee County",
            "Mercer County",
            "Metcalfe County",
            "Monroe County",
            "Montgomery County",
            "Morgan County",
            "Muhlenberg County",
            "Nelson County",
            "Nicholas County",
            "Ohio County",
            "Oldham County",
            "Owen County",
            "Owsley County",
            "Lincoln County",
            "Pendleton County",
            "Perry County",
            "Pike County",
            "Pulaski County",
            "Powell County",
            "McCracken County",
            "Lyon County",
            "Russell County",
            "Scott County",
            "Shelby County",
            "Simpson County",
            "Robertson County",
            "Taylor County",
            "Todd County",
            "Trigg County",
            "Trimble County",
            "Union County",
            "Warren County",
            "Rowan County",
            "Wayne County",
            "Washington County",
            "Webster County",
            "Whitley County",
            "Wolfe County",
            "Woodford County",
            "Spencer County",
            "Rockcastle County"
        ]
    },
    {
        "state": "Hawaii",
        "code": "HI",
        "counties": [
            "Hawaii County",
            "Honolulu, City and County of",
            "Kalawao County",
            "Kauai County",
            "Maui County"
        ]
    },
    {
        "state": "New Mexico",
        "code": "NM",
        "counties": [
            "Bernalillo County",
            "Chaves County",
            "Catron County",
            "Cibola County",
            "Colfax County",
            "Curry County",
            "Eddy County",
            "Grant County",
            "Guadalupe County",
            "Harding County",
            "Hidalgo County",
            "Lea County",
            "Lincoln County",
            "Luna County",
            "McKinley County",
            "Mora County",
            "Otero County",
            "Quay County",
            "Rio Arriba County",
            "Roosevelt County",
            "Sandoval County",
            "San Juan County",
            "San Miguel County",
            "Santa Fe County",
            "Sierra County",
            "Socorro County",
            "Taos County",
            "Doa Ana County",
            "Torrance County",
            "Union County",
            "De Baca County",
            "Los Alamos County",
            "Valencia County"
        ]
    },
    {
        "state": "Florida",
        "code": "FL",
        "counties": [
            "Alachua County",
            "Baker County",
            "Bay County",
            "Bradford County",
            "Brevard County",
            "Broward County",
            "Clay County",
            "Collier County",
            "Columbia County",
            "DeSoto County",
            "Dixie County",
            "Duval County",
            "Citrus County",
            "Charlotte County",
            "Flagler County",
            "Franklin County",
            "Gadsden County",
            "Gilchrist County",
            "Glades County",
            "Gulf County",
            "Calhoun County",
            "Hamilton County",
            "Hardee County",
            "Escambia County",
            "Hillsborough County",
            "Holmes County",
            "Indian River County",
            "Jackson County",
            "Jefferson County",
            "Lafayette County",
            "Hendry County",
            "Highlands County",
            "Hernando County",
            "Levy County",
            "Liberty County",
            "Madison County",
            "Manatee County",
            "Marion County",
            "Martin County",
            "Miami-Dade County",
            "Lake County",
            "Lee County",
            "Monroe County",
            "Leon County",
            "Okaloosa County",
            "Nassau County",
            "Okeechobee County",
            "Orange County",
            "Pinellas County",
            "Polk County",
            "Putnam County",
            "St. Johns County",
            "St. Lucie County",
            "Santa Rosa County",
            "Osceola County",
            "Palm Beach County",
            "Pasco County",
            "Seminole County",
            "Suwannee County",
            "Taylor County",
            "Union County",
            "Volusia County",
            "Wakulla County",
            "Walton County",
            "Sumter County",
            "Sarasota County",
            "Washington County"
        ]
    },
    {
        "state": "North Carolina",
        "code": "NC",
        "counties": [
            "Alamance County",
            "Alexander County",
            "Alleghany County",
            "Anson County",
            "Ashe County",
            "Avery County",
            "Beaufort County",
            "Bertie County",
            "Bladen County",
            "Brunswick County",
            "Buncombe County",
            "Burke County",
            "Cabarrus County",
            "Caldwell County",
            "Camden County",
            "Carteret County",
            "Catawba County",
            "Chowan County",
            "Clay County",
            "Cleveland County",
            "Caswell County",
            "Craven County",
            "Cumberland County",
            "Currituck County",
            "Cherokee County",
            "Davidson County",
            "Davie County",
            "Duplin County",
            "Durham County",
            "Edgecombe County",
            "Chatham County",
            "Franklin County",
            "Gaston County",
            "Gates County",
            "Graham County",
            "Granville County",
            "Dare County",
            "Guilford County",
            "Halifax County",
            "Harnett County",
            "Haywood County",
            "Henderson County",
            "Hertford County",
            "Hoke County",
            "Columbus County",
            "Iredell County",
            "Jackson County",
            "Johnston County",
            "Jones County",
            "Lee County",
            "Greene County",
            "Lincoln County",
            "McDowell County",
            "Macon County",
            "Madison County",
            "Martin County",
            "Mecklenburg County",
            "Mitchell County",
            "Montgomery County",
            "Forsyth County",
            "Nash County",
            "New Hanover County",
            "Moore County",
            "Northampton County",
            "Onslow County",
            "Orange County",
            "Hyde County",
            "Lenoir County",
            "Pasquotank County",
            "Person County",
            "Pitt County",
            "Pamlico County",
            "Randolph County",
            "Richmond County",
            "Robeson County",
            "Perquimans County",
            "Rowan County",
            "Rutherford County",
            "Sampson County",
            "Pender County",
            "Stanly County",
            "Stokes County",
            "Surry County",
            "Rockingham County",
            "Transylvania County",
            "Tyrrell County",
            "Polk County",
            "Vance County",
            "Wake County",
            "Warren County",
            "Washington County",
            "Watauga County",
            "Swain County",
            "Wilkes County",
            "Wilson County",
            "Yadkin County",
            "Yancey County",
            "Scotland County",
            "Wayne County",
            "Union County"
        ]
    },
    {
        "state": "Connecticut",
        "code": "CT",
        "counties": [
            "Litchfield County",
            "Middlesex County",
            "New Haven County",
            "New London County",
            "Tolland County",
            "Windham County",
            "Fairfield County",
            "Hartford County"
        ]
    },
    {
        "state": "Nebraska",
        "code": "NE",
        "counties": [
            "Adams County",
            "Antelope County",
            "Arthur County",
            "Banner County",
            "Blaine County",
            "Boone County",
            "Box Butte County",
            "Boyd County",
            "Brown County",
            "Buffalo County",
            "Burt County",
            "Cedar County",
            "Chase County",
            "Cherry County",
            "Clay County",
            "Colfax County",
            "Cuming County",
            "Custer County",
            "Dakota County",
            "Cass County",
            "Dawson County",
            "Deuel County",
            "Dixon County",
            "Dodge County",
            "Douglas County",
            "Dundy County",
            "Fillmore County",
            "Franklin County",
            "Butler County",
            "Furnas County",
            "Frontier County",
            "Garden County",
            "Garfield County",
            "Gage County",
            "Gosper County",
            "Cheyenne County",
            "Dawes County",
            "Greeley County",
            "Harlan County",
            "Grant County",
            "Hitchcock County",
            "Holt County",
            "Hamilton County",
            "Howard County",
            "Hall County",
            "Hooker County",
            "Kearney County",
            "Keith County",
            "Hayes County",
            "Kimball County",
            "Knox County",
            "Lancaster County",
            "Johnson County",
            "Logan County",
            "Loup County",
            "McPherson County",
            "Madison County",
            "Merrick County",
            "Morrill County",
            "Nance County",
            "Nemaha County",
            "Jefferson County",
            "Nuckolls County",
            "Pawnee County",
            "Otoe County",
            "Perkins County",
            "Phelps County",
            "Pierce County",
            "Keya Paha County",
            "Lincoln County",
            "Platte County",
            "Red Willow County",
            "Saline County",
            "Sarpy County",
            "Saunders County",
            "Scotts Bluff County",
            "Seward County",
            "Sheridan County",
            "Polk County",
            "Sioux County",
            "Stanton County",
            "Thayer County",
            "Thomas County",
            "Thurston County",
            "Valley County",
            "Washington County",
            "Wayne County",
            "Webster County",
            "Wheeler County",
            "Rock County",
            "York County",
            "Sherman County",
            "Richardson County"
        ]
    },
    {
        "state": "Delaware",
        "code": "DE",
        "counties": [
            "Kent County",
            "New Castle County",
            "Sussex County"
        ]
    },
    {
        "state": "Virginia",
        "code": "VA",
        "counties": [
            "Amelia County",
            "Accomack County",
            "Amherst County",
            "Appomattox County",
            "Arlington County",
            "Augusta County",
            "Bath County",
            "Bedford County",
            "Bland County",
            "Brunswick County",
            "Buchanan County",
            "Buckingham County",
            "Botetourt County",
            "Caroline County",
            "Carroll County",
            "Charles City County",
            "Charlotte County",
            "Chesterfield County",
            "Clarke County",
            "Alleghany County",
            "Albemarle County",
            "Culpeper County",
            "Dickenson County",
            "Dinwiddie County",
            "Cumberland County",
            "Essex County",
            "Campbell County",
            "Fairfax County",
            "Craig County",
            "Floyd County",
            "Frederick County",
            "Giles County",
            "Fluvanna County",
            "Franklin County",
            "Grayson County",
            "Greene County",
            "Greensville County",
            "Gloucester County",
            "Fauquier County",
            "Halifax County",
            "Goochland County",
            "Hanover County",
            "Henry County",
            "James City County",
            "King and Queen County",
            "King George County",
            "King William County",
            "Lancaster County",
            "Lee County",
            "Loudoun County",
            "Louisa County",
            "Lunenburg County",
            "Madison County",
            "Mathews County",
            "Mecklenburg County",
            "Middlesex County",
            "Montgomery County",
            "Highland County",
            "Nelson County",
            "Isle of Wight County",
            "Northampton County",
            "New Kent County",
            "Henrico County",
            "Northumberland County",
            "Nottoway County",
            "Orange County",
            "Page County",
            "Patrick County",
            "Pittsylvania County",
            "Powhatan County",
            "Prince Edward County",
            "Prince George County",
            "Richmond County",
            "Roanoke County",
            "Rockbridge County",
            "Rockingham County",
            "Russell County",
            "Scott County",
            "Shenandoah County",
            "Smyth County",
            "Pulaski County",
            "Prince William County",
            "Rappahannock County",
            "Southampton County",
            "Spotsylvania County",
            "Tazewell County",
            "Stafford County",
            "Washington County",
            "Warren County",
            "Westmoreland County",
            "Wise County",
            "Surry County",
            "Sussex County",
            "Wythe County",
            "Bristol, City of",
            "Buena Vista, City of",
            "Charlottesville, City of",
            "Chesapeake, City of",
            "Colonial Heights, City of",
            "Covington, City of",
            "Danville, City of",
            "Emporia, City of",
            "Fairfax, City of",
            "Falls Church, City of",
            "Franklin, City of",
            "Fredericksburg, City of",
            "Galax, City of",
            "Hampton, City of",
            "Harrisonburg, City of",
            "Hopewell, City of",
            "Lexington, City of",
            "Lynchburg, City of",
            "York County",
            "Bedford, City of",
            "Alexandria, City of",
            "Manassas, City of",
            "Manassas Park, City of",
            "Martinsville, City of",
            "Newport News, City of",
            "Norfolk, City of",
            "Portsmouth, City of",
            "Petersburg, City of",
            "Radford, City of",
            "Richmond, City of",
            "Roanoke, City of",
            "Salem, City of",
            "Staunton, City of",
            "Virginia Beach, City of",
            "Norton, City of",
            "Waynesboro, City of",
            "Williamsburg, City of",
            "Winchester, City of",
            "Poquoson, City of",
            "Suffolk, City of"
        ]
    },
    {
        "state": "North Dakota",
        "code": "ND",
        "counties": [
            "Adams County",
            "Barnes County",
            "Benson County",
            "Billings County",
            "Bowman County",
            "Burke County",
            "Burleigh County",
            "Cass County",
            "Cavalier County",
            "Dickey County",
            "Divide County",
            "Dunn County",
            "Emmons County",
            "Foster County",
            "Golden Valley County",
            "Grand Forks County",
            "Grant County",
            "Griggs County",
            "Hettinger County",
            "Kidder County",
            "LaMoure County",
            "Logan County",
            "McHenry County",
            "McIntosh County",
            "McKenzie County",
            "McLean County",
            "Mercer County",
            "Morton County",
            "Mountrail County",
            "Bottineau County",
            "Eddy County",
            "Nelson County",
            "Oliver County",
            "Pembina County",
            "Pierce County",
            "Ramsey County",
            "Rolette County",
            "Sargent County",
            "Sheridan County",
            "Sioux County",
            "Slope County",
            "Stark County",
            "Steele County",
            "Stutsman County",
            "Towner County",
            "Traill County",
            "Walsh County",
            "Renville County",
            "Ward County",
            "Ransom County",
            "Richland County",
            "Williams County",
            "Wells County"
        ]
    },
    {
        "state": "Minnesota",
        "code": "MN",
        "counties": [
            "Aitkin County",
            "Anoka County",
            "Becker County",
            "Benton County",
            "Beltrami County",
            "Blue Earth County",
            "Carver County",
            "Cass County",
            "Chippewa County",
            "Chisago County",
            "Clay County",
            "Clearwater County",
            "Cook County",
            "Cottonwood County",
            "Big Stone County",
            "Dakota County",
            "Dodge County",
            "Douglas County",
            "Faribault County",
            "Fillmore County",
            "Freeborn County",
            "Carlton County",
            "Grant County",
            "Hennepin County",
            "Houston County",
            "Hubbard County",
            "Isanti County",
            "Itasca County",
            "Jackson County",
            "Brown County",
            "Kandiyohi County",
            "Kittson County",
            "Koochiching County",
            "Lac qui Parle County",
            "Lake County",
            "Lake of the Woods County",
            "Goodhue County",
            "Crow Wing County",
            "Le Sueur County",
            "McLeod County",
            "Kanabec County",
            "Marshall County",
            "Lyon County",
            "Meeker County",
            "Mille Lacs County",
            "Morrison County",
            "Mower County",
            "Murray County",
            "Nicollet County",
            "Nobles County",
            "Norman County",
            "Olmsted County",
            "Lincoln County",
            "Pennington County",
            "Pine County",
            "Pipestone County",
            "Polk County",
            "Pope County",
            "Ramsey County",
            "Martin County",
            "Redwood County",
            "Red Lake County",
            "Renville County",
            "Rock County",
            "Rice County",
            "Roseau County",
            "Otter Tail County",
            "Mahnomen County",
            "Scott County",
            "Stearns County",
            "Steele County",
            "Stevens County",
            "Swift County",
            "Todd County",
            "Traverse County",
            "Wabasha County",
            "Wadena County",
            "Waseca County",
            "Washington County",
            "Watonwan County",
            "Wilkin County",
            "Winona County",
            "Wright County",
            "Yellow Medicine County",
            "St. Louis County",
            "Sibley County",
            "Sherburne County"
        ]
    },
    {
        "state": "Missouri",
        "code": "MO",
        "counties": [
            "Adair County",
            "Atchison County",
            "Audrain County",
            "Barry County",
            "Barton County",
            "Bates County",
            "Benton County",
            "Boone County",
            "Buchanan County",
            "Butler County",
            "Caldwell County",
            "Callaway County",
            "Camden County",
            "Andrew County",
            "Cape Girardeau County",
            "Carroll County",
            "Carter County",
            "Cass County",
            "Chariton County",
            "Cedar County",
            "Bollinger County",
            "Clark County",
            "Cole County",
            "Cooper County",
            "Crawford County",
            "Dade County",
            "Dallas County",
            "Daviess County",
            "DeKalb County",
            "Dent County",
            "Douglas County",
            "Dunklin County",
            "Franklin County",
            "Gasconade County",
            "Gentry County",
            "Greene County",
            "Grundy County",
            "Christian County",
            "Henry County",
            "Hickory County",
            "Holt County",
            "Howard County",
            "Howell County",
            "Iron County",
            "Clinton County",
            "Jasper County",
            "Jefferson County",
            "Johnson County",
            "Knox County",
            "Laclede County",
            "Clay County",
            "Lawrence County",
            "Lewis County",
            "Lincoln County",
            "Linn County",
            "Livingston County",
            "Jackson County",
            "Macon County",
            "Madison County",
            "Maries County",
            "Marion County",
            "Mercer County",
            "Harrison County",
            "McDonald County",
            "Moniteau County",
            "Lafayette County",
            "Mississippi County",
            "Montgomery County",
            "Morgan County",
            "New Madrid County",
            "Newton County",
            "Nodaway County",
            "Oregon County",
            "Monroe County",
            "Pemiscot County",
            "Perry County",
            "Pettis County",
            "Miller County",
            "Pike County",
            "Phelps County",
            "Platte County",
            "Ozark County",
            "Osage County",
            "Polk County",
            "Putnam County",
            "Ray County",
            "Reynolds County",
            "Ripley County",
            "St. Charles County",
            "St. Clair County",
            "Ste. Genevieve County",
            "St. Francois County",
            "St. Louis County",
            "Saline County",
            "Schuyler County",
            "Scotland County",
            "Pulaski County",
            "Scott County",
            "Shannon County",
            "Shelby County",
            "Stoddard County",
            "Stone County",
            "Randolph County",
            "Ralls County",
            "Vernon County",
            "Warren County",
            "Taney County",
            "Wayne County",
            "Webster County",
            "Worth County",
            "Wright County",
            "St. Louis, City of",
            "Sullivan County",
            "Washington County",
            "Texas County"
        ]
    },
    {
        "state": "Montana",
        "code": "MT",
        "counties": [
            "Big Horn County",
            "Blaine County",
            "Broadwater County",
            "Carbon County",
            "Carter County",
            "Cascade County",
            "Custer County",
            "Daniels County",
            "Dawson County",
            "Deer Lodge County",
            "Fallon County",
            "Fergus County",
            "Gallatin County",
            "Flathead County",
            "Garfield County",
            "Glacier County",
            "Granite County",
            "Hill County",
            "Golden Valley County",
            "Beaverhead County",
            "Chouteau County",
            "Judith Basin County",
            "Liberty County",
            "Lincoln County",
            "McCone County",
            "Madison County",
            "Meagher County",
            "Mineral County",
            "Missoula County",
            "Musselshell County",
            "Park County",
            "Petroleum County",
            "Phillips County",
            "Pondera County",
            "Jefferson County",
            "Powell County",
            "Prairie County",
            "Powder River County",
            "Ravalli County",
            "Richland County",
            "Roosevelt County",
            "Lake County",
            "Lewis and Clark County",
            "Sanders County",
            "Stillwater County",
            "Sweet Grass County",
            "Teton County",
            "Toole County",
            "Treasure County",
            "Valley County",
            "Wheatland County",
            "Wibaux County",
            "Yellowstone County",
            "Rosebud County",
            "Sheridan County",
            "Silver Bow County"
        ]
    },
    {
        "state": "District of Columbia",
        "code": "DC",
        "counties": [
            "District of Columbia"
        ]
    },
    {
        "state": "South Carolina",
        "code": "SC",
        "counties": [
            "Abbeville County",
            "Aiken County",
            "Barnwell County",
            "Anderson County",
            "Berkeley County",
            "Allendale County",
            "Beaufort County",
            "Bamberg County",
            "Calhoun County",
            "Charleston County",
            "Cherokee County",
            "Chester County",
            "Chesterfield County",
            "Clarendon County",
            "Colleton County",
            "Darlington County",
            "Dillon County",
            "Dorchester County",
            "Edgefield County",
            "Fairfield County",
            "Florence County",
            "Georgetown County",
            "Greenville County",
            "Greenwood County",
            "Kershaw County",
            "Horry County",
            "Hampton County",
            "Lancaster County",
            "Jasper County",
            "Lee County",
            "Laurens County",
            "McCormick County",
            "Lexington County",
            "Marlboro County",
            "Marion County",
            "Oconee County",
            "Newberry County",
            "Pickens County",
            "Orangeburg County",
            "Richland County",
            "Saluda County",
            "Williamsburg County",
            "Spartanburg County",
            "Sumter County",
            "Union County",
            "York County"
        ]
    },
    {
        "state": "New Jersey",
        "code": "NJ",
        "counties": [
            "Bergen County",
            "Atlantic County",
            "Burlington County",
            "Cape May County",
            "Gloucester County",
            "Hudson County",
            "Hunterdon County",
            "Mercer County",
            "Middlesex County",
            "Monmouth County",
            "Morris County",
            "Ocean County",
            "Passaic County",
            "Salem County",
            "Somerset County",
            "Sussex County",
            "Union County",
            "Warren County",
            "Camden County",
            "Essex County",
            "Cumberland County"
        ]
    },
    {
        "state": "Alaska",
        "code": "AK",
        "counties": [
            "Bethel Census Area",
            "Aleutians East Borough",
            "Aleutians West Census Area",
            "Anchorage, Municipality of",
            "Fairbanks North Star Borough",
            "Haines Borough",
            "Hoonah-Angoon Census Area",
            "Juneau, City and Borough",
            "Kenai Peninsula Borough",
            "Ketchikan Gateway Borough",
            "Kodiak Island Borough",
            "Denali Borough",
            "Bristol Bay Borough",
            "Lake and Peninsula Borough",
            "Matanuska-Susitna Borough",
            "Nome Census Area",
            "Northwest Arctic Borough",
            "North Slope Borough",
            "Dillingham Census Area",
            "Skagway Borough, Municipality of",
            "Southeast Fairbanks Census Area",
            "Valdez-Cordova Census Area",
            "Wade Hampton Census Area",
            "Wrangell, City and Borough of",
            "Yakutat, City and Borough of",
            "Yukon-Koyukuk Census Area",
            "Petersburg Census Area",
            "Sitka, City and Borough of",
            "Prince of Wales-Hyder Census Area"
        ]
    },
    {
        "state": "Massachusetts",
        "code": "MA",
        "counties": [
            "Barnstable County",
            "Berkshire County",
            "Dukes County",
            "Essex County",
            "Franklin County",
            "Hampden County",
            "Bristol County",
            "Hampshire County",
            "Middlesex County",
            "Nantucket, Town and County of",
            "Norfolk County",
            "Plymouth County",
            "Worcester County",
            "Suffolk County"
        ]
    },
    {
        "state": "New Hampshire",
        "code": "NH",
        "counties": [
            "Belknap County",
            "Carroll County",
            "Cheshire County",
            "Coos County",
            "Grafton County",
            "Hillsborough County",
            "Rockingham County",
            "Merrimack County",
            "Strafford County",
            "Sullivan County"
        ]
    },
    {
        "state": "Ohio",
        "code": "OH",
        "counties": [
            "Allen County",
            "Ashland County",
            "Ashtabula County",
            "Athens County",
            "Auglaize County",
            "Belmont County",
            "Adams County",
            "Butler County",
            "Brown County",
            "Carroll County",
            "Champaign County",
            "Clark County",
            "Clermont County",
            "Columbiana County",
            "Cuyahoga County",
            "Darke County",
            "Defiance County",
            "Delaware County",
            "Erie County",
            "Clinton County",
            "Fayette County",
            "Franklin County",
            "Fulton County",
            "Gallia County",
            "Geauga County",
            "Greene County",
            "Guernsey County",
            "Hamilton County",
            "Hancock County",
            "Hardin County",
            "Harrison County",
            "Crawford County",
            "Henry County",
            "Highland County",
            "Hocking County",
            "Holmes County",
            "Huron County",
            "Coshocton County",
            "Fairfield County",
            "Jefferson County",
            "Lawrence County",
            "Jackson County",
            "Logan County",
            "Lorain County",
            "Lake County",
            "Knox County",
            "Licking County",
            "Lucas County",
            "Medina County",
            "Meigs County",
            "Mercer County",
            "Miami County",
            "Monroe County",
            "Montgomery County",
            "Morgan County",
            "Morrow County",
            "Muskingum County",
            "Madison County",
            "Mahoning County",
            "Noble County",
            "Ottawa County",
            "Paulding County",
            "Marion County",
            "Pickaway County",
            "Preble County",
            "Portage County",
            "Putnam County",
            "Richland County",
            "Ross County",
            "Sandusky County",
            "Scioto County",
            "Pike County",
            "Perry County",
            "Seneca County",
            "Trumbull County",
            "Tuscarawas County",
            "Union County",
            "Van Wert County",
            "Vinton County",
            "Warren County",
            "Washington County",
            "Wayne County",
            "Williams County",
            "Wood County",
            "Wyandot County",
            "Stark County",
            "Shelby County",
            "Summit County"
        ]
    },
    {
        "state": "Pennsylvania",
        "code": "PA",
        "counties": [
            "Adams County",
            "Allegheny County",
            "Armstrong County",
            "Bedford County",
            "Berks County",
            "Blair County",
            "Bradford County",
            "Bucks County",
            "Butler County",
            "Cambria County",
            "Carbon County",
            "Centre County",
            "Chester County",
            "Clarion County",
            "Clinton County",
            "Columbia County",
            "Crawford County",
            "Cumberland County",
            "Dauphin County",
            "Delaware County",
            "Cameron County",
            "Erie County",
            "Fayette County",
            "Forest County",
            "Franklin County",
            "Beaver County",
            "Greene County",
            "Huntingdon County",
            "Indiana County",
            "Jefferson County",
            "Juniata County",
            "Elk County",
            "Lancaster County",
            "Lawrence County",
            "Lebanon County",
            "Lehigh County",
            "Clearfield County",
            "Lycoming County",
            "McKean County",
            "Mercer County",
            "Mifflin County",
            "Monroe County",
            "Lackawanna County",
            "Montour County",
            "Northampton County",
            "Northumberland County",
            "Fulton County",
            "Philadelphia County",
            "Pike County",
            "Montgomery County",
            "Schuylkill County",
            "Snyder County",
            "Luzerne County",
            "Sullivan County",
            "Potter County",
            "Tioga County",
            "Perry County",
            "Venango County",
            "Warren County",
            "Susquehanna County",
            "Wayne County",
            "Somerset County",
            "Union County",
            "Washington County",
            "Wyoming County",
            "Westmoreland County",
            "York County"
        ]
    },
    {
        "state": "Rhode Island",
        "code": "RI",
        "counties": [
            "Bristol County",
            "Kent County",
            "Newport County",
            "Providence County",
            "Washington County"
        ]
    },
    {
        "state": "California",
        "code": "CA",
        "counties": [
            "Alameda County",
            "Alpine County",
            "Amador County",
            "Butte County",
            "Calaveras County",
            "Colusa County",
            "Fresno County",
            "Glenn County",
            "Humboldt County",
            "Imperial County",
            "Inyo County",
            "Kern County",
            "Del Norte County",
            "El Dorado County",
            "Contra Costa County",
            "Lake County",
            "Kings County",
            "Madera County",
            "Marin County",
            "Mariposa County",
            "Mendocino County",
            "Lassen County",
            "Los Angeles County",
            "Merced County",
            "Modoc County",
            "Mono County",
            "Monterey County",
            "Napa County",
            "Nevada County",
            "Orange County",
            "Plumas County",
            "Placer County",
            "Riverside County",
            "San Diego County",
            "San Francisco, City and County of",
            "San Joaquin County",
            "San Luis Obispo County",
            "San Mateo County",
            "Santa Barbara County",
            "Santa Clara County",
            "San Benito County",
            "Santa Cruz County",
            "Shasta County",
            "Sacramento County",
            "Sierra County",
            "Siskiyou County",
            "Solano County",
            "San Bernardino County",
            "Tehama County",
            "Trinity County",
            "Tulare County",
            "Stanislaus County",
            "Tuolumne County",
            "Ventura County",
            "Yolo County",
            "Sutter County",
            "Sonoma County",
            "Yuba County"
        ]
    },
    {
        "state": "New York",
        "code": "NY",
        "counties": [
            "Albany County",
            "Bronx County",
            "Cayuga County",
            "Allegany County",
            "Broome County",
            "Cattaraugus County",
            "Chemung County",
            "Chautauqua County",
            "Clinton County",
            "Delaware County",
            "Dutchess County",
            "Erie County",
            "Essex County",
            "Chenango County",
            "Fulton County",
            "Genesee County",
            "Greene County",
            "Hamilton County",
            "Herkimer County",
            "Jefferson County",
            "Kings County",
            "Lewis County",
            "Livingston County",
            "Madison County",
            "Monroe County",
            "Cortland County",
            "Montgomery County",
            "Nassau County",
            "New York County",
            "Niagara County",
            "Oneida County",
            "Columbia County",
            "Franklin County",
            "Ontario County",
            "Oswego County",
            "Otsego County",
            "Putnam County",
            "Queens County",
            "Rensselaer County",
            "Onondaga County",
            "Rockland County",
            "St. Lawrence County",
            "Saratoga County",
            "Schenectady County",
            "Schoharie County",
            "Schuyler County",
            "Seneca County",
            "Steuben County",
            "Suffolk County",
            "Sullivan County",
            "Tioga County",
            "Tompkins County",
            "Orleans County",
            "Warren County",
            "Washington County",
            "Wayne County",
            "Westchester County",
            "Wyoming County",
            "Yates County",
            "Orange County",
            "Ulster County",
            "Richmond County"
        ]
    },
    {
        "state": "Texas",
        "code": "TX",
        "counties": [
            "Anderson County",
            "Andrews County",
            "Angelina County",
            "Aransas County",
            "Archer County",
            "Armstrong County",
            "Atascosa County",
            "Austin County",
            "Bailey County",
            "Bandera County",
            "Bell County",
            "Bexar County",
            "Blanco County",
            "Borden County",
            "Bosque County",
            "Bowie County",
            "Baylor County",
            "Bastrop County",
            "Bee County",
            "Brazoria County",
            "Brazos County",
            "Brewster County",
            "Briscoe County",
            "Brooks County",
            "Brown County",
            "Burleson County",
            "Burnet County",
            "Caldwell County",
            "Calhoun County",
            "Callahan County",
            "Cameron County",
            "Cass County",
            "Castro County",
            "Chambers County",
            "Cherokee County",
            "Camp County",
            "Cochran County",
            "Coke County",
            "Coleman County",
            "Collin County",
            "Collingsworth County",
            "Colorado County",
            "Comal County",
            "Carson County",
            "Comanche County",
            "Concho County",
            "Cooke County",
            "Coryell County",
            "Cottle County",
            "Childress County",
            "Clay County",
            "Crane County",
            "Crockett County",
            "Crosby County",
            "Culberson County",
            "Dallam County",
            "Delta County",
            "Dallas County",
            "Denton County",
            "DeWitt County",
            "Dickens County",
            "Dimmit County",
            "Dawson County",
            "Eastland County",
            "Ector County",
            "Edwards County",
            "Ellis County",
            "El Paso County",
            "Duval County",
            "Erath County",
            "Falls County",
            "Fannin County",
            "Deaf Smith County",
            "Fayette County",
            "Donley County",
            "Fisher County",
            "Floyd County",
            "Fort Bend County",
            "Foard County",
            "Franklin County",
            "Freestone County",
            "Frio County",
            "Gaines County",
            "Garza County",
            "Galveston County",
            "Gillespie County",
            "Glasscock County",
            "Goliad County",
            "Gonzales County",
            "Gray County",
            "Grayson County",
            "Gregg County",
            "Grimes County",
            "Hale County",
            "Hansford County",
            "Guadalupe County",
            "Hardeman County",
            "Hardin County",
            "Harris County",
            "Hall County",
            "Haskell County",
            "Hays County",
            "Hemphill County",
            "Henderson County",
            "Hidalgo County",
            "Hill County",
            "Hockley County",
            "Hamilton County",
            "Harrison County",
            "Hartley County",
            "Howard County",
            "Hudspeth County",
            "Houston County",
            "Hopkins County",
            "Hunt County",
            "Hutchinson County",
            "Irion County",
            "Jack County",
            "Hood County",
            "Jackson County",
            "Jasper County",
            "Jeff Davis County",
            "Jefferson County",
            "Jim Hogg County",
            "Jim Wells County",
            "Jones County",
            "Johnson County",
            "Kendall County",
            "Karnes County",
            "Kaufman County",
            "Kimble County",
            "King County",
            "Kinney County",
            "Kleberg County",
            "Knox County",
            "Lamar County",
            "Lamb County",
            "Lampasas County",
            "La Salle County",
            "Lavaca County",
            "Lee County",
            "Leon County",
            "Kent County",
            "Kenedy County",
            "Limestone County",
            "Lipscomb County",
            "Kerr County",
            "Loving County",
            "Lubbock County",
            "Live Oak County",
            "Lynn County",
            "McCulloch County",
            "McLennan County",
            "Liberty County",
            "Llano County",
            "McMullen County",
            "Madison County",
            "Marion County",
            "Martin County",
            "Mason County",
            "Matagorda County",
            "Maverick County",
            "Midland County",
            "Menard County",
            "Medina County",
            "Milam County",
            "Mills County",
            "Mitchell County",
            "Morris County",
            "Motley County",
            "Nacogdoches County",
            "Navarro County",
            "Newton County",
            "Nolan County",
            "Montague County",
            "Ochiltree County",
            "Montgomery County",
            "Oldham County",
            "Moore County",
            "Nueces County",
            "Parker County",
            "Parmer County",
            "Pecos County",
            "Polk County",
            "Potter County",
            "Presidio County",
            "Orange County",
            "Panola County",
            "Palo Pinto County",
            "Real County",
            "Randall County",
            "Reagan County",
            "Red River County",
            "Refugio County",
            "Reeves County",
            "Roberts County",
            "Robertson County",
            "Rains County",
            "Sabine County",
            "San Augustine County",
            "San Jacinto County",
            "San Patricio County",
            "San Saba County",
            "Schleicher County",
            "Scurry County",
            "Rusk County",
            "Shackelford County",
            "Shelby County",
            "Runnels County",
            "Sherman County",
            "Smith County",
            "Rockwall County",
            "Somervell County",
            "Stephens County",
            "Sutton County",
            "Swisher County",
            "Tarrant County",
            "Taylor County",
            "Terrell County",
            "Terry County",
            "Throckmorton County",
            "Titus County",
            "Starr County",
            "Tom Green County",
            "Travis County",
            "Sterling County",
            "Stonewall County",
            "Trinity County",
            "Tyler County",
            "Val Verde County",
            "Van Zandt County",
            "Victoria County",
            "Walker County",
            "Waller County",
            "Ward County",
            "Washington County",
            "Webb County",
            "Wharton County",
            "Wheeler County",
            "Wichita County",
            "Wilbarger County",
            "Willacy County",
            "Williamson County",
            "Wilson County",
            "Winkler County",
            "Wise County",
            "Wood County",
            "Upshur County",
            "Upton County",
            "Uvalde County",
            "Yoakum County",
            "Young County",
            "Zapata County",
            "Zavala County"
        ]
    },
    {
        "state": "Oregon",
        "code": "OR",
        "counties": [
            "Baker County",
            "Benton County",
            "Clackamas County",
            "Clatsop County",
            "Columbia County",
            "Crook County",
            "Deschutes County",
            "Coos County",
            "Grant County",
            "Harney County",
            "Hood River County",
            "Douglas County",
            "Jefferson County",
            "Curry County",
            "Jackson County",
            "Lake County",
            "Gilliam County",
            "Lincoln County",
            "Linn County",
            "Klamath County",
            "Marion County",
            "Morrow County",
            "Multnomah County",
            "Josephine County",
            "Sherman County",
            "Tillamook County",
            "Umatilla County",
            "Union County",
            "Wallowa County",
            "Malheur County",
            "Washington County",
            "Wheeler County",
            "Yamhill County",
            "Lane County",
            "Wasco County",
            "Polk County"
        ]
    },
    {
        "state": "Nevada",
        "code": "NV",
        "counties": [
            "Churchill County",
            "Clark County",
            "Douglas County",
            "Elko County",
            "Humboldt County",
            "Lander County",
            "Esmeralda County",
            "Lyon County",
            "Mineral County",
            "Nye County",
            "Pershing County",
            "Storey County",
            "Washoe County",
            "Carson City, Consolidated Municipality of",
            "Lincoln County",
            "White Pine County",
            "Eureka County"
        ]
    },
    {
        "state": "Mississippi",
        "code": "MS",
        "counties": [
            "Adams County",
            "Alcorn County",
            "Amite County",
            "Attala County",
            "Calhoun County",
            "Chickasaw County",
            "Choctaw County",
            "Claiborne County",
            "Clarke County",
            "Clay County",
            "Coahoma County",
            "Copiah County",
            "Covington County",
            "DeSoto County",
            "Forrest County",
            "Franklin County",
            "George County",
            "Greene County",
            "Grenada County",
            "Hancock County",
            "Harrison County",
            "Hinds County",
            "Holmes County",
            "Humphreys County",
            "Issaquena County",
            "Itawamba County",
            "Bolivar County",
            "Jasper County",
            "Jefferson County",
            "Benton County",
            "Jones County",
            "Kemper County",
            "Lafayette County",
            "Lamar County",
            "Lauderdale County",
            "Lawrence County",
            "Leake County",
            "Jackson County",
            "Leflore County",
            "Lincoln County",
            "Lowndes County",
            "Madison County",
            "Marion County",
            "Marshall County",
            "Monroe County",
            "Montgomery County",
            "Neshoba County",
            "Newton County",
            "Noxubee County",
            "Oktibbeha County",
            "Panola County",
            "Pearl River County",
            "Perry County",
            "Pike County",
            "Pontotoc County",
            "Carroll County",
            "Jefferson Davis County",
            "Prentiss County",
            "Scott County",
            "Sharkey County",
            "Simpson County",
            "Smith County",
            "Stone County",
            "Lee County",
            "Tallahatchie County",
            "Tate County",
            "Tippah County",
            "Tishomingo County",
            "Tunica County",
            "Union County",
            "Walthall County",
            "Warren County",
            "Washington County",
            "Wayne County",
            "Webster County",
            "Wilkinson County",
            "Winston County",
            "Yalobusha County",
            "Yazoo County",
            "Rankin County",
            "Quitman County",
            "Sunflower County"
        ]
    },
    {
        "state": "Utah",
        "code": "UT",
        "counties": [
            "Beaver County",
            "Daggett County",
            "Davis County",
            "Duchesne County",
            "Emery County",
            "Garfield County",
            "Grand County",
            "Iron County",
            "Juab County",
            "Kane County",
            "Millard County",
            "Morgan County",
            "Piute County",
            "Rich County",
            "Salt Lake County",
            "San Juan County",
            "Sanpete County",
            "Sevier County",
            "Summit County",
            "Tooele County",
            "Uintah County",
            "Utah County",
            "Cache County",
            "Wasatch County",
            "Carbon County",
            "Box Elder County",
            "Washington County",
            "Wayne County",
            "Weber County"
        ]
    }
]